grid_cell_id,row,col,latitude,longitude,in_sindh
sindh_era5_r000_c000,0,0,31.0,65.0,False
sindh_era5_r000_c001,0,1,31.0,65.25,False
sindh_era5_r000_c002,0,2,31.0,65.5,False
sindh_era5_r000_c003,0,3,31.0,65.75,False
sindh_era5_r000_c004,0,4,31.0,66.0,False
sindh_era5_r000_c005,0,5,31.0,66.25,False
sindh_era5_r000_c006,0,6,31.0,66.5,False
sindh_era5_r000_c007,0,7,31.0,66.75,False
sindh_era5_r000_c008,0,8,31.0,67.0,False
sindh_era5_r000_c009,0,9,31.0,67.25,False
sindh_era5_r000_c010,0,10,31.0,67.5,False
sindh_era5_r000_c011,0,11,31.0,67.75,False
sindh_era5_r000_c012,0,12,31.0,68.0,False
sindh_era5_r000_c013,0,13,31.0,68.25,False
sindh_era5_r000_c014,0,14,31.0,68.5,False
sindh_era5_r000_c015,0,15,31.0,68.75,False
sindh_era5_r000_c016,0,16,31.0,69.0,False
sindh_era5_r000_c017,0,17,31.0,69.25,False
sindh_era5_r000_c018,0,18,31.0,69.5,False
sindh_era5_r000_c019,0,19,31.0,69.75,False
sindh_era5_r000_c020,0,20,31.0,70.0,False
sindh_era5_r000_c021,0,21,31.0,70.25,False
sindh_era5_r000_c022,0,22,31.0,70.5,False
sindh_era5_r000_c023,0,23,31.0,70.75,False
sindh_era5_r000_c024,0,24,31.0,71.0,False
sindh_era5_r000_c025,0,25,31.0,71.25,False
sindh_era5_r000_c026,0,26,31.0,71.5,False
sindh_era5_r000_c027,0,27,31.0,71.75,False
sindh_era5_r000_c028,0,28,31.0,72.0,False
sindh_era5_r000_c029,0,29,31.0,72.25,False
sindh_era5_r000_c030,0,30,31.0,72.5,False
sindh_era5_r000_c031,0,31,31.0,72.75,False
sindh_era5_r000_c032,0,32,31.0,73.0,False
sindh_era5_r001_c000,1,0,30.75,65.0,False
sindh_era5_r001_c001,1,1,30.75,65.25,False
sindh_era5_r001_c002,1,2,30.75,65.5,False
sindh_era5_r001_c003,1,3,30.75,65.75,False
sindh_era5_r001_c004,1,4,30.75,66.0,False
sindh_era5_r001_c005,1,5,30.75,66.25,False
sindh_era5_r001_c006,1,6,30.75,66.5,False
sindh_era5_r001_c007,1,7,30.75,66.75,False
sindh_era5_r001_c008,1,8,30.75,67.0,False
sindh_era5_r001_c009,1,9,30.75,67.25,False
sindh_era5_r001_c010,1,10,30.75,67.5,False
sindh_era5_r001_c011,1,11,30.75,67.75,False
sindh_era5_r001_c012,1,12,30.75,68.0,False
sindh_era5_r001_c013,1,13,30.75,68.25,False
sindh_era5_r001_c014,1,14,30.75,68.5,False
sindh_era5_r001_c015,1,15,30.75,68.75,False
sindh_era5_r001_c016,1,16,30.75,69.0,False
sindh_era5_r001_c017,1,17,30.75,69.25,False
sindh_era5_r001_c018,1,18,30.75,69.5,False
sindh_era5_r001_c019,1,19,30.75,69.75,False
sindh_era5_r001_c020,1,20,30.75,70.0,False
sindh_era5_r001_c021,1,21,30.75,70.25,False
sindh_era5_r001_c022,1,22,30.75,70.5,False
sindh_era5_r001_c023,1,23,30.75,70.75,False
sindh_era5_r001_c024,1,24,30.75,71.0,False
sindh_era5_r001_c025,1,25,30.75,71.25,False
sindh_era5_r001_c026,1,26,30.75,71.5,False
sindh_era5_r001_c027,1,27,30.75,71.75,False
sindh_era5_r001_c028,1,28,30.75,72.0,False
sindh_era5_r001_c029,1,29,30.75,72.25,False
sindh_era5_r001_c030,1,30,30.75,72.5,False
sindh_era5_r001_c031,1,31,30.75,72.75,False
sindh_era5_r001_c032,1,32,30.75,73.0,False
sindh_era5_r002_c000,2,0,30.5,65.0,False
sindh_era5_r002_c001,2,1,30.5,65.25,False
sindh_era5_r002_c002,2,2,30.5,65.5,False
sindh_era5_r002_c003,2,3,30.5,65.75,False
sindh_era5_r002_c004,2,4,30.5,66.0,False
sindh_era5_r002_c005,2,5,30.5,66.25,False
sindh_era5_r002_c006,2,6,30.5,66.5,False
sindh_era5_r002_c007,2,7,30.5,66.75,False
sindh_era5_r002_c008,2,8,30.5,67.0,False
sindh_era5_r002_c009,2,9,30.5,67.25,False
sindh_era5_r002_c010,2,10,30.5,67.5,False
sindh_era5_r002_c011,2,11,30.5,67.75,False
sindh_era5_r002_c012,2,12,30.5,68.0,False
sindh_era5_r002_c013,2,13,30.5,68.25,False
sindh_era5_r002_c014,2,14,30.5,68.5,False
sindh_era5_r002_c015,2,15,30.5,68.75,False
sindh_era5_r002_c016,2,16,30.5,69.0,False
sindh_era5_r002_c017,2,17,30.5,69.25,False
sindh_era5_r002_c018,2,18,30.5,69.5,False
sindh_era5_r002_c019,2,19,30.5,69.75,False
sindh_era5_r002_c020,2,20,30.5,70.0,False
sindh_era5_r002_c021,2,21,30.5,70.25,False
sindh_era5_r002_c022,2,22,30.5,70.5,False
sindh_era5_r002_c023,2,23,30.5,70.75,False
sindh_era5_r002_c024,2,24,30.5,71.0,False
sindh_era5_r002_c025,2,25,30.5,71.25,False
sindh_era5_r002_c026,2,26,30.5,71.5,False
sindh_era5_r002_c027,2,27,30.5,71.75,False
sindh_era5_r002_c028,2,28,30.5,72.0,False
sindh_era5_r002_c029,2,29,30.5,72.25,False
sindh_era5_r002_c030,2,30,30.5,72.5,False
sindh_era5_r002_c031,2,31,30.5,72.75,False
sindh_era5_r002_c032,2,32,30.5,73.0,False
sindh_era5_r003_c000,3,0,30.25,65.0,False
sindh_era5_r003_c001,3,1,30.25,65.25,False
sindh_era5_r003_c002,3,2,30.25,65.5,False
sindh_era5_r003_c003,3,3,30.25,65.75,False
sindh_era5_r003_c004,3,4,30.25,66.0,False
sindh_era5_r003_c005,3,5,30.25,66.25,False
sindh_era5_r003_c006,3,6,30.25,66.5,False
sindh_era5_r003_c007,3,7,30.25,66.75,False
sindh_era5_r003_c008,3,8,30.25,67.0,False
sindh_era5_r003_c009,3,9,30.25,67.25,False
sindh_era5_r003_c010,3,10,30.25,67.5,False
sindh_era5_r003_c011,3,11,30.25,67.75,False
sindh_era5_r003_c012,3,12,30.25,68.0,False
sindh_era5_r003_c013,3,13,30.25,68.25,False
sindh_era5_r003_c014,3,14,30.25,68.5,False
sindh_era5_r003_c015,3,15,30.25,68.75,False
sindh_era5_r003_c016,3,16,30.25,69.0,False
sindh_era5_r003_c017,3,17,30.25,69.25,False
sindh_era5_r003_c018,3,18,30.25,69.5,False
sindh_era5_r003_c019,3,19,30.25,69.75,False
sindh_era5_r003_c020,3,20,30.25,70.0,False
sindh_era5_r003_c021,3,21,30.25,70.25,False
sindh_era5_r003_c022,3,22,30.25,70.5,False
sindh_era5_r003_c023,3,23,30.25,70.75,False
sindh_era5_r003_c024,3,24,30.25,71.0,False
sindh_era5_r003_c025,3,25,30.25,71.25,False
sindh_era5_r003_c026,3,26,30.25,71.5,False
sindh_era5_r003_c027,3,27,30.25,71.75,False
sindh_era5_r003_c028,3,28,30.25,72.0,False
sindh_era5_r003_c029,3,29,30.25,72.25,False
sindh_era5_r003_c030,3,30,30.25,72.5,False
sindh_era5_r003_c031,3,31,30.25,72.75,False
sindh_era5_r003_c032,3,32,30.25,73.0,False
sindh_era5_r004_c000,4,0,30.0,65.0,False
sindh_era5_r004_c001,4,1,30.0,65.25,False
sindh_era5_r004_c002,4,2,30.0,65.5,False
sindh_era5_r004_c003,4,3,30.0,65.75,False
sindh_era5_r004_c004,4,4,30.0,66.0,False
sindh_era5_r004_c005,4,5,30.0,66.25,False
sindh_era5_r004_c006,4,6,30.0,66.5,False
sindh_era5_r004_c007,4,7,30.0,66.75,False
sindh_era5_r004_c008,4,8,30.0,67.0,False
sindh_era5_r004_c009,4,9,30.0,67.25,False
sindh_era5_r004_c010,4,10,30.0,67.5,False
sindh_era5_r004_c011,4,11,30.0,67.75,False
sindh_era5_r004_c012,4,12,30.0,68.0,False
sindh_era5_r004_c013,4,13,30.0,68.25,False
sindh_era5_r004_c014,4,14,30.0,68.5,False
sindh_era5_r004_c015,4,15,30.0,68.75,False
sindh_era5_r004_c016,4,16,30.0,69.0,False
sindh_era5_r004_c017,4,17,30.0,69.25,False
sindh_era5_r004_c018,4,18,30.0,69.5,False
sindh_era5_r004_c019,4,19,30.0,69.75,False
sindh_era5_r004_c020,4,20,30.0,70.0,False
sindh_era5_r004_c021,4,21,30.0,70.25,False
sindh_era5_r004_c022,4,22,30.0,70.5,False
sindh_era5_r004_c023,4,23,30.0,70.75,False
sindh_era5_r004_c024,4,24,30.0,71.0,False
sindh_era5_r004_c025,4,25,30.0,71.25,False
sindh_era5_r004_c026,4,26,30.0,71.5,False
sindh_era5_r004_c027,4,27,30.0,71.75,False
sindh_era5_r004_c028,4,28,30.0,72.0,False
sindh_era5_r004_c029,4,29,30.0,72.25,False
sindh_era5_r004_c030,4,30,30.0,72.5,False
sindh_era5_r004_c031,4,31,30.0,72.75,False
sindh_era5_r004_c032,4,32,30.0,73.0,False
sindh_era5_r005_c000,5,0,29.75,65.0,False
sindh_era5_r005_c001,5,1,29.75,65.25,False
sindh_era5_r005_c002,5,2,29.75,65.5,False
sindh_era5_r005_c003,5,3,29.75,65.75,False
sindh_era5_r005_c004,5,4,29.75,66.0,False
sindh_era5_r005_c005,5,5,29.75,66.25,False
sindh_era5_r005_c006,5,6,29.75,66.5,False
sindh_era5_r005_c007,5,7,29.75,66.75,False
sindh_era5_r005_c008,5,8,29.75,67.0,False
sindh_era5_r005_c009,5,9,29.75,67.25,False
sindh_era5_r005_c010,5,10,29.75,67.5,False
sindh_era5_r005_c011,5,11,29.75,67.75,False
sindh_era5_r005_c012,5,12,29.75,68.0,False
sindh_era5_r005_c013,5,13,29.75,68.25,False
sindh_era5_r005_c014,5,14,29.75,68.5,False
sindh_era5_r005_c015,5,15,29.75,68.75,False
sindh_era5_r005_c016,5,16,29.75,69.0,False
sindh_era5_r005_c017,5,17,29.75,69.25,False
sindh_era5_r005_c018,5,18,29.75,69.5,False
sindh_era5_r005_c019,5,19,29.75,69.75,False
sindh_era5_r005_c020,5,20,29.75,70.0,False
sindh_era5_r005_c021,5,21,29.75,70.25,False
sindh_era5_r005_c022,5,22,29.75,70.5,False
sindh_era5_r005_c023,5,23,29.75,70.75,False
sindh_era5_r005_c024,5,24,29.75,71.0,False
sindh_era5_r005_c025,5,25,29.75,71.25,False
sindh_era5_r005_c026,5,26,29.75,71.5,False
sindh_era5_r005_c027,5,27,29.75,71.75,False
sindh_era5_r005_c028,5,28,29.75,72.0,False
sindh_era5_r005_c029,5,29,29.75,72.25,False
sindh_era5_r005_c030,5,30,29.75,72.5,False
sindh_era5_r005_c031,5,31,29.75,72.75,False
sindh_era5_r005_c032,5,32,29.75,73.0,False
sindh_era5_r006_c000,6,0,29.5,65.0,False
sindh_era5_r006_c001,6,1,29.5,65.25,False
sindh_era5_r006_c002,6,2,29.5,65.5,False
sindh_era5_r006_c003,6,3,29.5,65.75,False
sindh_era5_r006_c004,6,4,29.5,66.0,False
sindh_era5_r006_c005,6,5,29.5,66.25,False
sindh_era5_r006_c006,6,6,29.5,66.5,False
sindh_era5_r006_c007,6,7,29.5,66.75,False
sindh_era5_r006_c008,6,8,29.5,67.0,False
sindh_era5_r006_c009,6,9,29.5,67.25,False
sindh_era5_r006_c010,6,10,29.5,67.5,False
sindh_era5_r006_c011,6,11,29.5,67.75,False
sindh_era5_r006_c012,6,12,29.5,68.0,False
sindh_era5_r006_c013,6,13,29.5,68.25,False
sindh_era5_r006_c014,6,14,29.5,68.5,False
sindh_era5_r006_c015,6,15,29.5,68.75,False
sindh_era5_r006_c016,6,16,29.5,69.0,False
sindh_era5_r006_c017,6,17,29.5,69.25,False
sindh_era5_r006_c018,6,18,29.5,69.5,False
sindh_era5_r006_c019,6,19,29.5,69.75,False
sindh_era5_r006_c020,6,20,29.5,70.0,False
sindh_era5_r006_c021,6,21,29.5,70.25,False
sindh_era5_r006_c022,6,22,29.5,70.5,False
sindh_era5_r006_c023,6,23,29.5,70.75,False
sindh_era5_r006_c024,6,24,29.5,71.0,False
sindh_era5_r006_c025,6,25,29.5,71.25,False
sindh_era5_r006_c026,6,26,29.5,71.5,False
sindh_era5_r006_c027,6,27,29.5,71.75,False
sindh_era5_r006_c028,6,28,29.5,72.0,False
sindh_era5_r006_c029,6,29,29.5,72.25,False
sindh_era5_r006_c030,6,30,29.5,72.5,False
sindh_era5_r006_c031,6,31,29.5,72.75,False
sindh_era5_r006_c032,6,32,29.5,73.0,False
sindh_era5_r007_c000,7,0,29.25,65.0,False
sindh_era5_r007_c001,7,1,29.25,65.25,False
sindh_era5_r007_c002,7,2,29.25,65.5,False
sindh_era5_r007_c003,7,3,29.25,65.75,False
sindh_era5_r007_c004,7,4,29.25,66.0,False
sindh_era5_r007_c005,7,5,29.25,66.25,False
sindh_era5_r007_c006,7,6,29.25,66.5,False
sindh_era5_r007_c007,7,7,29.25,66.75,False
sindh_era5_r007_c008,7,8,29.25,67.0,False
sindh_era5_r007_c009,7,9,29.25,67.25,False
sindh_era5_r007_c010,7,10,29.25,67.5,False
sindh_era5_r007_c011,7,11,29.25,67.75,False
sindh_era5_r007_c012,7,12,29.25,68.0,False
sindh_era5_r007_c013,7,13,29.25,68.25,False
sindh_era5_r007_c014,7,14,29.25,68.5,False
sindh_era5_r007_c015,7,15,29.25,68.75,False
sindh_era5_r007_c016,7,16,29.25,69.0,False
sindh_era5_r007_c017,7,17,29.25,69.25,False
sindh_era5_r007_c018,7,18,29.25,69.5,False
sindh_era5_r007_c019,7,19,29.25,69.75,False
sindh_era5_r007_c020,7,20,29.25,70.0,False
sindh_era5_r007_c021,7,21,29.25,70.25,False
sindh_era5_r007_c022,7,22,29.25,70.5,False
sindh_era5_r007_c023,7,23,29.25,70.75,False
sindh_era5_r007_c024,7,24,29.25,71.0,False
sindh_era5_r007_c025,7,25,29.25,71.25,False
sindh_era5_r007_c026,7,26,29.25,71.5,False
sindh_era5_r007_c027,7,27,29.25,71.75,False
sindh_era5_r007_c028,7,28,29.25,72.0,False
sindh_era5_r007_c029,7,29,29.25,72.25,False
sindh_era5_r007_c030,7,30,29.25,72.5,False
sindh_era5_r007_c031,7,31,29.25,72.75,False
sindh_era5_r007_c032,7,32,29.25,73.0,False
sindh_era5_r008_c000,8,0,29.0,65.0,False
sindh_era5_r008_c001,8,1,29.0,65.25,False
sindh_era5_r008_c002,8,2,29.0,65.5,False
sindh_era5_r008_c003,8,3,29.0,65.75,False
sindh_era5_r008_c004,8,4,29.0,66.0,False
sindh_era5_r008_c005,8,5,29.0,66.25,False
sindh_era5_r008_c006,8,6,29.0,66.5,False
sindh_era5_r008_c007,8,7,29.0,66.75,False
sindh_era5_r008_c008,8,8,29.0,67.0,False
sindh_era5_r008_c009,8,9,29.0,67.25,False
sindh_era5_r008_c010,8,10,29.0,67.5,False
sindh_era5_r008_c011,8,11,29.0,67.75,False
sindh_era5_r008_c012,8,12,29.0,68.0,False
sindh_era5_r008_c013,8,13,29.0,68.25,False
sindh_era5_r008_c014,8,14,29.0,68.5,False
sindh_era5_r008_c015,8,15,29.0,68.75,False
sindh_era5_r008_c016,8,16,29.0,69.0,False
sindh_era5_r008_c017,8,17,29.0,69.25,False
sindh_era5_r008_c018,8,18,29.0,69.5,False
sindh_era5_r008_c019,8,19,29.0,69.75,False
sindh_era5_r008_c020,8,20,29.0,70.0,False
sindh_era5_r008_c021,8,21,29.0,70.25,False
sindh_era5_r008_c022,8,22,29.0,70.5,False
sindh_era5_r008_c023,8,23,29.0,70.75,False
sindh_era5_r008_c024,8,24,29.0,71.0,False
sindh_era5_r008_c025,8,25,29.0,71.25,False
sindh_era5_r008_c026,8,26,29.0,71.5,False
sindh_era5_r008_c027,8,27,29.0,71.75,False
sindh_era5_r008_c028,8,28,29.0,72.0,False
sindh_era5_r008_c029,8,29,29.0,72.25,False
sindh_era5_r008_c030,8,30,29.0,72.5,False
sindh_era5_r008_c031,8,31,29.0,72.75,False
sindh_era5_r008_c032,8,32,29.0,73.0,False
sindh_era5_r009_c000,9,0,28.75,65.0,False
sindh_era5_r009_c001,9,1,28.75,65.25,False
sindh_era5_r009_c002,9,2,28.75,65.5,False
sindh_era5_r009_c003,9,3,28.75,65.75,False
sindh_era5_r009_c004,9,4,28.75,66.0,False
sindh_era5_r009_c005,9,5,28.75,66.25,False
sindh_era5_r009_c006,9,6,28.75,66.5,False
sindh_era5_r009_c007,9,7,28.75,66.75,False
sindh_era5_r009_c008,9,8,28.75,67.0,False
sindh_era5_r009_c009,9,9,28.75,67.25,False
sindh_era5_r009_c010,9,10,28.75,67.5,False
sindh_era5_r009_c011,9,11,28.75,67.75,False
sindh_era5_r009_c012,9,12,28.75,68.0,False
sindh_era5_r009_c013,9,13,28.75,68.25,False
sindh_era5_r009_c014,9,14,28.75,68.5,False
sindh_era5_r009_c015,9,15,28.75,68.75,False
sindh_era5_r009_c016,9,16,28.75,69.0,False
sindh_era5_r009_c017,9,17,28.75,69.25,False
sindh_era5_r009_c018,9,18,28.75,69.5,False
sindh_era5_r009_c019,9,19,28.75,69.75,False
sindh_era5_r009_c020,9,20,28.75,70.0,False
sindh_era5_r009_c021,9,21,28.75,70.25,False
sindh_era5_r009_c022,9,22,28.75,70.5,False
sindh_era5_r009_c023,9,23,28.75,70.75,False
sindh_era5_r009_c024,9,24,28.75,71.0,False
sindh_era5_r009_c025,9,25,28.75,71.25,False
sindh_era5_r009_c026,9,26,28.75,71.5,False
sindh_era5_r009_c027,9,27,28.75,71.75,False
sindh_era5_r009_c028,9,28,28.75,72.0,False
sindh_era5_r009_c029,9,29,28.75,72.25,False
sindh_era5_r009_c030,9,30,28.75,72.5,False
sindh_era5_r009_c031,9,31,28.75,72.75,False
sindh_era5_r009_c032,9,32,28.75,73.0,False
sindh_era5_r010_c000,10,0,28.5,65.0,False
sindh_era5_r010_c001,10,1,28.5,65.25,False
sindh_era5_r010_c002,10,2,28.5,65.5,False
sindh_era5_r010_c003,10,3,28.5,65.75,False
sindh_era5_r010_c004,10,4,28.5,66.0,False
sindh_era5_r010_c005,10,5,28.5,66.25,False
sindh_era5_r010_c006,10,6,28.5,66.5,False
sindh_era5_r010_c007,10,7,28.5,66.75,False
sindh_era5_r010_c008,10,8,28.5,67.0,False
sindh_era5_r010_c009,10,9,28.5,67.25,False
sindh_era5_r010_c010,10,10,28.5,67.5,False
sindh_era5_r010_c011,10,11,28.5,67.75,False
sindh_era5_r010_c012,10,12,28.5,68.0,False
sindh_era5_r010_c013,10,13,28.5,68.25,False
sindh_era5_r010_c014,10,14,28.5,68.5,False
sindh_era5_r010_c015,10,15,28.5,68.75,True
sindh_era5_r010_c016,10,16,28.5,69.0,True
sindh_era5_r010_c017,10,17,28.5,69.25,True
sindh_era5_r010_c018,10,18,28.5,69.5,True
sindh_era5_r010_c019,10,19,28.5,69.75,True
sindh_era5_r010_c020,10,20,28.5,70.0,False
sindh_era5_r010_c021,10,21,28.5,70.25,False
sindh_era5_r010_c022,10,22,28.5,70.5,False
sindh_era5_r010_c023,10,23,28.5,70.75,False
sindh_era5_r010_c024,10,24,28.5,71.0,False
sindh_era5_r010_c025,10,25,28.5,71.25,False
sindh_era5_r010_c026,10,26,28.5,71.5,False
sindh_era5_r010_c027,10,27,28.5,71.75,False
sindh_era5_r010_c028,10,28,28.5,72.0,False
sindh_era5_r010_c029,10,29,28.5,72.25,False
sindh_era5_r010_c030,10,30,28.5,72.5,False
sindh_era5_r010_c031,10,31,28.5,72.75,False
sindh_era5_r010_c032,10,32,28.5,73.0,False
sindh_era5_r011_c000,11,0,28.25,65.0,False
sindh_era5_r011_c001,11,1,28.25,65.25,False
sindh_era5_r011_c002,11,2,28.25,65.5,False
sindh_era5_r011_c003,11,3,28.25,65.75,False
sindh_era5_r011_c004,11,4,28.25,66.0,False
sindh_era5_r011_c005,11,5,28.25,66.25,False
sindh_era5_r011_c006,11,6,28.25,66.5,False
sindh_era5_r011_c007,11,7,28.25,66.75,False
sindh_era5_r011_c008,11,8,28.25,67.0,False
sindh_era5_r011_c009,11,9,28.25,67.25,False
sindh_era5_r011_c010,11,10,28.25,67.5,False
sindh_era5_r011_c011,11,11,28.25,67.75,False
sindh_era5_r011_c012,11,12,28.25,68.0,False
sindh_era5_r011_c013,11,13,28.25,68.25,True
sindh_era5_r011_c014,11,14,28.25,68.5,True
sindh_era5_r011_c015,11,15,28.25,68.75,True
sindh_era5_r011_c016,11,16,28.25,69.0,True
sindh_era5_r011_c017,11,17,28.25,69.25,True
sindh_era5_r011_c018,11,18,28.25,69.5,True
sindh_era5_r011_c019,11,19,28.25,69.75,True
sindh_era5_r011_c020,11,20,28.25,70.0,False
sindh_era5_r011_c021,11,21,28.25,70.25,False
sindh_era5_r011_c022,11,22,28.25,70.5,False
sindh_era5_r011_c023,11,23,28.25,70.75,False
sindh_era5_r011_c024,11,24,28.25,71.0,False
sindh_era5_r011_c025,11,25,28.25,71.25,False
sindh_era5_r011_c026,11,26,28.25,71.5,False
sindh_era5_r011_c027,11,27,28.25,71.75,False
sindh_era5_r011_c028,11,28,28.25,72.0,False
sindh_era5_r011_c029,11,29,28.25,72.25,False
sindh_era5_r011_c030,11,30,28.25,72.5,False
sindh_era5_r011_c031,11,31,28.25,72.75,False
sindh_era5_r011_c032,11,32,28.25,73.0,False
sindh_era5_r012_c000,12,0,28.0,65.0,False
sindh_era5_r012_c001,12,1,28.0,65.25,False
sindh_era5_r012_c002,12,2,28.0,65.5,False
sindh_era5_r012_c003,12,3,28.0,65.75,False
sindh_era5_r012_c004,12,4,28.0,66.0,False
sindh_era5_r012_c005,12,5,28.0,66.25,False
sindh_era5_r012_c006,12,6,28.0,66.5,False
sindh_era5_r012_c007,12,7,28.0,66.75,False
sindh_era5_r012_c008,12,8,28.0,67.0,False
sindh_era5_r012_c009,12,9,28.0,67.25,False
sindh_era5_r012_c010,12,10,28.0,67.5,False
sindh_era5_r012_c011,12,11,28.0,67.75,True
sindh_era5_r012_c012,12,12,28.0,68.0,True
sindh_era5_r012_c013,12,13,28.0,68.25,True
sindh_era5_r012_c014,12,14,28.0,68.5,True
sindh_era5_r012_c015,12,15,28.0,68.75,True
sindh_era5_r012_c016,12,16,28.0,69.0,True
sindh_era5_r012_c017,12,17,28.0,69.25,True
sindh_era5_r012_c018,12,18,28.0,69.5,True
sindh_era5_r012_c019,12,19,28.0,69.75,True
sindh_era5_r012_c020,12,20,28.0,70.0,True
sindh_era5_r012_c021,12,21,28.0,70.25,False
sindh_era5_r012_c022,12,22,28.0,70.5,False
sindh_era5_r012_c023,12,23,28.0,70.75,False
sindh_era5_r012_c024,12,24,28.0,71.0,False
sindh_era5_r012_c025,12,25,28.0,71.25,False
sindh_era5_r012_c026,12,26,28.0,71.5,False
sindh_era5_r012_c027,12,27,28.0,71.75,False
sindh_era5_r012_c028,12,28,28.0,72.0,False
sindh_era5_r012_c029,12,29,28.0,72.25,False
sindh_era5_r012_c030,12,30,28.0,72.5,False
sindh_era5_r012_c031,12,31,28.0,72.75,False
sindh_era5_r012_c032,12,32,28.0,73.0,False
sindh_era5_r013_c000,13,0,27.75,65.0,False
sindh_era5_r013_c001,13,1,27.75,65.25,False
sindh_era5_r013_c002,13,2,27.75,65.5,False
sindh_era5_r013_c003,13,3,27.75,65.75,False
sindh_era5_r013_c004,13,4,27.75,66.0,False
sindh_era5_r013_c005,13,5,27.75,66.25,False
sindh_era5_r013_c006,13,6,27.75,66.5,False
sindh_era5_r013_c007,13,7,27.75,66.75,False
sindh_era5_r013_c008,13,8,27.75,67.0,False
sindh_era5_r013_c009,13,9,27.75,67.25,True
sindh_era5_r013_c010,13,10,27.75,67.5,True
sindh_era5_r013_c011,13,11,27.75,67.75,True
sindh_era5_r013_c012,13,12,27.75,68.0,True
sindh_era5_r013_c013,13,13,27.75,68.25,True
sindh_era5_r013_c014,13,14,27.75,68.5,True
sindh_era5_r013_c015,13,15,27.75,68.75,True
sindh_era5_r013_c016,13,16,27.75,69.0,True
sindh_era5_r013_c017,13,17,27.75,69.25,True
sindh_era5_r013_c018,13,18,27.75,69.5,True
sindh_era5_r013_c019,13,19,27.75,69.75,True
sindh_era5_r013_c020,13,20,27.75,70.0,True
sindh_era5_r013_c021,13,21,27.75,70.25,False
sindh_era5_r013_c022,13,22,27.75,70.5,False
sindh_era5_r013_c023,13,23,27.75,70.75,False
sindh_era5_r013_c024,13,24,27.75,71.0,False
sindh_era5_r013_c025,13,25,27.75,71.25,False
sindh_era5_r013_c026,13,26,27.75,71.5,False
sindh_era5_r013_c027,13,27,27.75,71.75,False
sindh_era5_r013_c028,13,28,27.75,72.0,False
sindh_era5_r013_c029,13,29,27.75,72.25,False
sindh_era5_r013_c030,13,30,27.75,72.5,False
sindh_era5_r013_c031,13,31,27.75,72.75,False
sindh_era5_r013_c032,13,32,27.75,73.0,False
sindh_era5_r014_c000,14,0,27.5,65.0,False
sindh_era5_r014_c001,14,1,27.5,65.25,False
sindh_era5_r014_c002,14,2,27.5,65.5,False
sindh_era5_r014_c003,14,3,27.5,65.75,False
sindh_era5_r014_c004,14,4,27.5,66.0,False
sindh_era5_r014_c005,14,5,27.5,66.25,False
sindh_era5_r014_c006,14,6,27.5,66.5,False
sindh_era5_r014_c007,14,7,27.5,66.75,False
sindh_era5_r014_c008,14,8,27.5,67.0,False
sindh_era5_r014_c009,14,9,27.5,67.25,True
sindh_era5_r014_c010,14,10,27.5,67.5,True
sindh_era5_r014_c011,14,11,27.5,67.75,True
sindh_era5_r014_c012,14,12,27.5,68.0,True
sindh_era5_r014_c013,14,13,27.5,68.25,True
sindh_era5_r014_c014,14,14,27.5,68.5,True
sindh_era5_r014_c015,14,15,27.5,68.75,True
sindh_era5_r014_c016,14,16,27.5,69.0,True
sindh_era5_r014_c017,14,17,27.5,69.25,True
sindh_era5_r014_c018,14,18,27.5,69.5,True
sindh_era5_r014_c019,14,19,27.5,69.75,True
sindh_era5_r014_c020,14,20,27.5,70.0,True
sindh_era5_r014_c021,14,21,27.5,70.25,False
sindh_era5_r014_c022,14,22,27.5,70.5,False
sindh_era5_r014_c023,14,23,27.5,70.75,False
sindh_era5_r014_c024,14,24,27.5,71.0,False
sindh_era5_r014_c025,14,25,27.5,71.25,False
sindh_era5_r014_c026,14,26,27.5,71.5,False
sindh_era5_r014_c027,14,27,27.5,71.75,False
sindh_era5_r014_c028,14,28,27.5,72.0,False
sindh_era5_r014_c029,14,29,27.5,72.25,False
sindh_era5_r014_c030,14,30,27.5,72.5,False
sindh_era5_r014_c031,14,31,27.5,72.75,False
sindh_era5_r014_c032,14,32,27.5,73.0,False
sindh_era5_r015_c000,15,0,27.25,65.0,False
sindh_era5_r015_c001,15,1,27.25,65.25,False
sindh_era5_r015_c002,15,2,27.25,65.5,False
sindh_era5_r015_c003,15,3,27.25,65.75,False
sindh_era5_r015_c004,15,4,27.25,66.0,False
sindh_era5_r015_c005,15,5,27.25,66.25,False
sindh_era5_r015_c006,15,6,27.25,66.5,False
sindh_era5_r015_c007,15,7,27.25,66.75,False
sindh_era5_r015_c008,15,8,27.25,67.0,False
sindh_era5_r015_c009,15,9,27.25,67.25,True
sindh_era5_r015_c010,15,10,27.25,67.5,True
sindh_era5_r015_c011,15,11,27.25,67.75,True
sindh_era5_r015_c012,15,12,27.25,68.0,True
sindh_era5_r015_c013,15,13,27.25,68.25,True
sindh_era5_r015_c014,15,14,27.25,68.5,True
sindh_era5_r015_c015,15,15,27.25,68.75,True
sindh_era5_r015_c016,15,16,27.25,69.0,True
sindh_era5_r015_c017,15,17,27.25,69.25,True
sindh_era5_r015_c018,15,18,27.25,69.5,True
sindh_era5_r015_c019,15,19,27.25,69.75,True
sindh_era5_r015_c020,15,20,27.25,70.0,False
sindh_era5_r015_c021,15,21,27.25,70.25,False
sindh_era5_r015_c022,15,22,27.25,70.5,False
sindh_era5_r015_c023,15,23,27.25,70.75,False
sindh_era5_r015_c024,15,24,27.25,71.0,False
sindh_era5_r015_c025,15,25,27.25,71.25,False
sindh_era5_r015_c026,15,26,27.25,71.5,False
sindh_era5_r015_c027,15,27,27.25,71.75,False
sindh_era5_r015_c028,15,28,27.25,72.0,False
sindh_era5_r015_c029,15,29,27.25,72.25,False
sindh_era5_r015_c030,15,30,27.25,72.5,False
sindh_era5_r015_c031,15,31,27.25,72.75,False
sindh_era5_r015_c032,15,32,27.25,73.0,False
sindh_era5_r016_c000,16,0,27.0,65.0,False
sindh_era5_r016_c001,16,1,27.0,65.25,False
sindh_era5_r016_c002,16,2,27.0,65.5,False
sindh_era5_r016_c003,16,3,27.0,65.75,False
sindh_era5_r016_c004,16,4,27.0,66.0,False
sindh_era5_r016_c005,16,5,27.0,66.25,False
sindh_era5_r016_c006,16,6,27.0,66.5,False
sindh_era5_r016_c007,16,7,27.0,66.75,False
sindh_era5_r016_c008,16,8,27.0,67.0,False
sindh_era5_r016_c009,16,9,27.0,67.25,True
sindh_era5_r016_c010,16,10,27.0,67.5,True
sindh_era5_r016_c011,16,11,27.0,67.75,True
sindh_era5_r016_c012,16,12,27.0,68.0,True
sindh_era5_r016_c013,16,13,27.0,68.25,True
sindh_era5_r016_c014,16,14,27.0,68.5,True
sindh_era5_r016_c015,16,15,27.0,68.75,True
sindh_era5_r016_c016,16,16,27.0,69.0,True
sindh_era5_r016_c017,16,17,27.0,69.25,True
sindh_era5_r016_c018,16,18,27.0,69.5,True
sindh_era5_r016_c019,16,19,27.0,69.75,False
sindh_era5_r016_c020,16,20,27.0,70.0,False
sindh_era5_r016_c021,16,21,27.0,70.25,False
sindh_era5_r016_c022,16,22,27.0,70.5,False
sindh_era5_r016_c023,16,23,27.0,70.75,False
sindh_era5_r016_c024,16,24,27.0,71.0,False
sindh_era5_r016_c025,16,25,27.0,71.25,False
sindh_era5_r016_c026,16,26,27.0,71.5,False
sindh_era5_r016_c027,16,27,27.0,71.75,False
sindh_era5_r016_c028,16,28,27.0,72.0,False
sindh_era5_r016_c029,16,29,27.0,72.25,False
sindh_era5_r016_c030,16,30,27.0,72.5,False
sindh_era5_r016_c031,16,31,27.0,72.75,False
sindh_era5_r016_c032,16,32,27.0,73.0,False
sindh_era5_r017_c000,17,0,26.75,65.0,False
sindh_era5_r017_c001,17,1,26.75,65.25,False
sindh_era5_r017_c002,17,2,26.75,65.5,False
sindh_era5_r017_c003,17,3,26.75,65.75,False
sindh_era5_r017_c004,17,4,26.75,66.0,False
sindh_era5_r017_c005,17,5,26.75,66.25,False
sindh_era5_r017_c006,17,6,26.75,66.5,False
sindh_era5_r017_c007,17,7,26.75,66.75,False
sindh_era5_r017_c008,17,8,26.75,67.0,False
sindh_era5_r017_c009,17,9,26.75,67.25,True
sindh_era5_r017_c010,17,10,26.75,67.5,True
sindh_era5_r017_c011,17,11,26.75,67.75,True
sindh_era5_r017_c012,17,12,26.75,68.0,True
sindh_era5_r017_c013,17,13,26.75,68.25,True
sindh_era5_r017_c014,17,14,26.75,68.5,True
sindh_era5_r017_c015,17,15,26.75,68.75,True
sindh_era5_r017_c016,17,16,26.75,69.0,True
sindh_era5_r017_c017,17,17,26.75,69.25,True
sindh_era5_r017_c018,17,18,26.75,69.5,True
sindh_era5_r017_c019,17,19,26.75,69.75,True
sindh_era5_r017_c020,17,20,26.75,70.0,False
sindh_era5_r017_c021,17,21,26.75,70.25,False
sindh_era5_r017_c022,17,22,26.75,70.5,False
sindh_era5_r017_c023,17,23,26.75,70.75,False
sindh_era5_r017_c024,17,24,26.75,71.0,False
sindh_era5_r017_c025,17,25,26.75,71.25,False
sindh_era5_r017_c026,17,26,26.75,71.5,False
sindh_era5_r017_c027,17,27,26.75,71.75,False
sindh_era5_r017_c028,17,28,26.75,72.0,False
sindh_era5_r017_c029,17,29,26.75,72.25,False
sindh_era5_r017_c030,17,30,26.75,72.5,False
sindh_era5_r017_c031,17,31,26.75,72.75,False
sindh_era5_r017_c032,17,32,26.75,73.0,False
sindh_era5_r018_c000,18,0,26.5,65.0,False
sindh_era5_r018_c001,18,1,26.5,65.25,False
sindh_era5_r018_c002,18,2,26.5,65.5,False
sindh_era5_r018_c003,18,3,26.5,65.75,False
sindh_era5_r018_c004,18,4,26.5,66.0,False
sindh_era5_r018_c005,18,5,26.5,66.25,False
sindh_era5_r018_c006,18,6,26.5,66.5,False
sindh_era5_r018_c007,18,7,26.5,66.75,False
sindh_era5_r018_c008,18,8,26.5,67.0,False
sindh_era5_r018_c009,18,9,26.5,67.25,True
sindh_era5_r018_c010,18,10,26.5,67.5,True
sindh_era5_r018_c011,18,11,26.5,67.75,True
sindh_era5_r018_c012,18,12,26.5,68.0,True
sindh_era5_r018_c013,18,13,26.5,68.25,True
sindh_era5_r018_c014,18,14,26.5,68.5,True
sindh_era5_r018_c015,18,15,26.5,68.75,True
sindh_era5_r018_c016,18,16,26.5,69.0,True
sindh_era5_r018_c017,18,17,26.5,69.25,True
sindh_era5_r018_c018,18,18,26.5,69.5,True
sindh_era5_r018_c019,18,19,26.5,69.75,True
sindh_era5_r018_c020,18,20,26.5,70.0,True
sindh_era5_r018_c021,18,21,26.5,70.25,True
sindh_era5_r018_c022,18,22,26.5,70.5,False
sindh_era5_r018_c023,18,23,26.5,70.75,False
sindh_era5_r018_c024,18,24,26.5,71.0,False
sindh_era5_r018_c025,18,25,26.5,71.25,False
sindh_era5_r018_c026,18,26,26.5,71.5,False
sindh_era5_r018_c027,18,27,26.5,71.75,False
sindh_era5_r018_c028,18,28,26.5,72.0,False
sindh_era5_r018_c029,18,29,26.5,72.25,False
sindh_era5_r018_c030,18,30,26.5,72.5,False
sindh_era5_r018_c031,18,31,26.5,72.75,False
sindh_era5_r018_c032,18,32,26.5,73.0,False
sindh_era5_r019_c000,19,0,26.25,65.0,False
sindh_era5_r019_c001,19,1,26.25,65.25,False
sindh_era5_r019_c002,19,2,26.25,65.5,False
sindh_era5_r019_c003,19,3,26.25,65.75,False
sindh_era5_r019_c004,19,4,26.25,66.0,False
sindh_era5_r019_c005,19,5,26.25,66.25,False
sindh_era5_r019_c006,19,6,26.25,66.5,False
sindh_era5_r019_c007,19,7,26.25,66.75,False
sindh_era5_r019_c008,19,8,26.25,67.0,False
sindh_era5_r019_c009,19,9,26.25,67.25,True
sindh_era5_r019_c010,19,10,26.25,67.5,True
sindh_era5_r019_c011,19,11,26.25,67.75,True
sindh_era5_r019_c012,19,12,26.25,68.0,True
sindh_era5_r019_c013,19,13,26.25,68.25,True
sindh_era5_r019_c014,19,14,26.25,68.5,True
sindh_era5_r019_c015,19,15,26.25,68.75,True
sindh_era5_r019_c016,19,16,26.25,69.0,True
sindh_era5_r019_c017,19,17,26.25,69.25,True
sindh_era5_r019_c018,19,18,26.25,69.5,True
sindh_era5_r019_c019,19,19,26.25,69.75,True
sindh_era5_r019_c020,19,20,26.25,70.0,True
sindh_era5_r019_c021,19,21,26.25,70.25,True
sindh_era5_r019_c022,19,22,26.25,70.5,False
sindh_era5_r019_c023,19,23,26.25,70.75,False
sindh_era5_r019_c024,19,24,26.25,71.0,False
sindh_era5_r019_c025,19,25,26.25,71.25,False
sindh_era5_r019_c026,19,26,26.25,71.5,False
sindh_era5_r019_c027,19,27,26.25,71.75,False
sindh_era5_r019_c028,19,28,26.25,72.0,False
sindh_era5_r019_c029,19,29,26.25,72.25,False
sindh_era5_r019_c030,19,30,26.25,72.5,False
sindh_era5_r019_c031,19,31,26.25,72.75,False
sindh_era5_r019_c032,19,32,26.25,73.0,False
sindh_era5_r020_c000,20,0,26.0,65.0,False
sindh_era5_r020_c001,20,1,26.0,65.25,False
sindh_era5_r020_c002,20,2,26.0,65.5,False
sindh_era5_r020_c003,20,3,26.0,65.75,False
sindh_era5_r020_c004,20,4,26.0,66.0,False
sindh_era5_r020_c005,20,5,26.0,66.25,False
sindh_era5_r020_c006,20,6,26.0,66.5,False
sindh_era5_r020_c007,20,7,26.0,66.75,False
sindh_era5_r020_c008,20,8,26.0,67.0,False
sindh_era5_r020_c009,20,9,26.0,67.25,False
sindh_era5_r020_c010,20,10,26.0,67.5,True
sindh_era5_r020_c011,20,11,26.0,67.75,True
sindh_era5_r020_c012,20,12,26.0,68.0,True
sindh_era5_r020_c013,20,13,26.0,68.25,True
sindh_era5_r020_c014,20,14,26.0,68.5,True
sindh_era5_r020_c015,20,15,26.0,68.75,True
sindh_era5_r020_c016,20,16,26.0,69.0,True
sindh_era5_r020_c017,20,17,26.0,69.25,True
sindh_era5_r020_c018,20,18,26.0,69.5,True
sindh_era5_r020_c019,20,19,26.0,69.75,True
sindh_era5_r020_c020,20,20,26.0,70.0,True
sindh_era5_r020_c021,20,21,26.0,70.25,False
sindh_era5_r020_c022,20,22,26.0,70.5,False
sindh_era5_r020_c023,20,23,26.0,70.75,False
sindh_era5_r020_c024,20,24,26.0,71.0,False
sindh_era5_r020_c025,20,25,26.0,71.25,False
sindh_era5_r020_c026,20,26,26.0,71.5,False
sindh_era5_r020_c027,20,27,26.0,71.75,False
sindh_era5_r020_c028,20,28,26.0,72.0,False
sindh_era5_r020_c029,20,29,26.0,72.25,False
sindh_era5_r020_c030,20,30,26.0,72.5,False
sindh_era5_r020_c031,20,31,26.0,72.75,False
sindh_era5_r020_c032,20,32,26.0,73.0,False
sindh_era5_r021_c000,21,0,25.75,65.0,False
sindh_era5_r021_c001,21,1,25.75,65.25,False
sindh_era5_r021_c002,21,2,25.75,65.5,False
sindh_era5_r021_c003,21,3,25.75,65.75,False
sindh_era5_r021_c004,21,4,25.75,66.0,False
sindh_era5_r021_c005,21,5,25.75,66.25,False
sindh_era5_r021_c006,21,6,25.75,66.5,False
sindh_era5_r021_c007,21,7,25.75,66.75,False
sindh_era5_r021_c008,21,8,25.75,67.0,False
sindh_era5_r021_c009,21,9,25.75,67.25,False
sindh_era5_r021_c010,21,10,25.75,67.5,True
sindh_era5_r021_c011,21,11,25.75,67.75,True
sindh_era5_r021_c012,21,12,25.75,68.0,True
sindh_era5_r021_c013,21,13,25.75,68.25,True
sindh_era5_r021_c014,21,14,25.75,68.5,True
sindh_era5_r021_c015,21,15,25.75,68.75,True
sindh_era5_r021_c016,21,16,25.75,69.0,True
sindh_era5_r021_c017,21,17,25.75,69.25,True
sindh_era5_r021_c018,21,18,25.75,69.5,True
sindh_era5_r021_c019,21,19,25.75,69.75,True
sindh_era5_r021_c020,21,20,25.75,70.0,True
sindh_era5_r021_c021,21,21,25.75,70.25,True
sindh_era5_r021_c022,21,22,25.75,70.5,True
sindh_era5_r021_c023,21,23,25.75,70.75,True
sindh_era5_r021_c024,21,24,25.75,71.0,False
sindh_era5_r021_c025,21,25,25.75,71.25,False
sindh_era5_r021_c026,21,26,25.75,71.5,False
sindh_era5_r021_c027,21,27,25.75,71.75,False
sindh_era5_r021_c028,21,28,25.75,72.0,False
sindh_era5_r021_c029,21,29,25.75,72.25,False
sindh_era5_r021_c030,21,30,25.75,72.5,False
sindh_era5_r021_c031,21,31,25.75,72.75,False
sindh_era5_r021_c032,21,32,25.75,73.0,False
sindh_era5_r022_c000,22,0,25.5,65.0,False
sindh_era5_r022_c001,22,1,25.5,65.25,False
sindh_era5_r022_c002,22,2,25.5,65.5,False
sindh_era5_r022_c003,22,3,25.5,65.75,False
sindh_era5_r022_c004,22,4,25.5,66.0,False
sindh_era5_r022_c005,22,5,25.5,66.25,False
sindh_era5_r022_c006,22,6,25.5,66.5,False
sindh_era5_r022_c007,22,7,25.5,66.75,False
sindh_era5_r022_c008,22,8,25.5,67.0,False
sindh_era5_r022_c009,22,9,25.5,67.25,True
sindh_era5_r022_c010,22,10,25.5,67.5,True
sindh_era5_r022_c011,22,11,25.5,67.75,True
sindh_era5_r022_c012,22,12,25.5,68.0,True
sindh_era5_r022_c013,22,13,25.5,68.25,True
sindh_era5_r022_c014,22,14,25.5,68.5,True
sindh_era5_r022_c015,22,15,25.5,68.75,True
sindh_era5_r022_c016,22,16,25.5,69.0,True
sindh_era5_r022_c017,22,17,25.5,69.25,True
sindh_era5_r022_c018,22,18,25.5,69.5,True
sindh_era5_r022_c019,22,19,25.5,69.75,True
sindh_era5_r022_c020,22,20,25.5,70.0,True
sindh_era5_r022_c021,22,21,25.5,70.25,True
sindh_era5_r022_c022,22,22,25.5,70.5,True
sindh_era5_r022_c023,22,23,25.5,70.75,True
sindh_era5_r022_c024,22,24,25.5,71.0,False
sindh_era5_r022_c025,22,25,25.5,71.25,False
sindh_era5_r022_c026,22,26,25.5,71.5,False
sindh_era5_r022_c027,22,27,25.5,71.75,False
sindh_era5_r022_c028,22,28,25.5,72.0,False
sindh_era5_r022_c029,22,29,25.5,72.25,False
sindh_era5_r022_c030,22,30,25.5,72.5,False
sindh_era5_r022_c031,22,31,25.5,72.75,False
sindh_era5_r022_c032,22,32,25.5,73.0,False
sindh_era5_r023_c000,23,0,25.25,65.0,False
sindh_era5_r023_c001,23,1,25.25,65.25,False
sindh_era5_r023_c002,23,2,25.25,65.5,False
sindh_era5_r023_c003,23,3,25.25,65.75,False
sindh_era5_r023_c004,23,4,25.25,66.0,False
sindh_era5_r023_c005,23,5,25.25,66.25,False
sindh_era5_r023_c006,23,6,25.25,66.5,False
sindh_era5_r023_c007,23,7,25.25,66.75,False
sindh_era5_r023_c008,23,8,25.25,67.0,True
sindh_era5_r023_c009,23,9,25.25,67.25,True
sindh_era5_r023_c010,23,10,25.25,67.5,True
sindh_era5_r023_c011,23,11,25.25,67.75,True
sindh_era5_r023_c012,23,12,25.25,68.0,True
sindh_era5_r023_c013,23,13,25.25,68.25,True
sindh_era5_r023_c014,23,14,25.25,68.5,True
sindh_era5_r023_c015,23,15,25.25,68.75,True
sindh_era5_r023_c016,23,16,25.25,69.0,True
sindh_era5_r023_c017,23,17,25.25,69.25,True
sindh_era5_r023_c018,23,18,25.25,69.5,True
sindh_era5_r023_c019,23,19,25.25,69.75,True
sindh_era5_r023_c020,23,20,25.25,70.0,True
sindh_era5_r023_c021,23,21,25.25,70.25,True
sindh_era5_r023_c022,23,22,25.25,70.5,True
sindh_era5_r023_c023,23,23,25.25,70.75,True
sindh_era5_r023_c024,23,24,25.25,71.0,True
sindh_era5_r023_c025,23,25,25.25,71.25,False
sindh_era5_r023_c026,23,26,25.25,71.5,False
sindh_era5_r023_c027,23,27,25.25,71.75,False
sindh_era5_r023_c028,23,28,25.25,72.0,False
sindh_era5_r023_c029,23,29,25.25,72.25,False
sindh_era5_r023_c030,23,30,25.25,72.5,False
sindh_era5_r023_c031,23,31,25.25,72.75,False
sindh_era5_r023_c032,23,32,25.25,73.0,False
sindh_era5_r024_c000,24,0,25.0,65.0,False
sindh_era5_r024_c001,24,1,25.0,65.25,False
sindh_era5_r024_c002,24,2,25.0,65.5,False
sindh_era5_r024_c003,24,3,25.0,65.75,False
sindh_era5_r024_c004,24,4,25.0,66.0,False
sindh_era5_r024_c005,24,5,25.0,66.25,False
sindh_era5_r024_c006,24,6,25.0,66.5,False
sindh_era5_r024_c007,24,7,25.0,66.75,True
sindh_era5_r024_c008,24,8,25.0,67.0,True
sindh_era5_r024_c009,24,9,25.0,67.25,True
sindh_era5_r024_c010,24,10,25.0,67.5,True
sindh_era5_r024_c011,24,11,25.0,67.75,True
sindh_era5_r024_c012,24,12,25.0,68.0,True
sindh_era5_r024_c013,24,13,25.0,68.25,True
sindh_era5_r024_c014,24,14,25.0,68.5,True
sindh_era5_r024_c015,24,15,25.0,68.75,True
sindh_era5_r024_c016,24,16,25.0,69.0,True
sindh_era5_r024_c017,24,17,25.0,69.25,True
sindh_era5_r024_c018,24,18,25.0,69.5,True
sindh_era5_r024_c019,24,19,25.0,69.75,True
sindh_era5_r024_c020,24,20,25.0,70.0,True
sindh_era5_r024_c021,24,21,25.0,70.25,True
sindh_era5_r024_c022,24,22,25.0,70.5,True
sindh_era5_r024_c023,24,23,25.0,70.75,True
sindh_era5_r024_c024,24,24,25.0,71.0,True
sindh_era5_r024_c025,24,25,25.0,71.25,False
sindh_era5_r024_c026,24,26,25.0,71.5,False
sindh_era5_r024_c027,24,27,25.0,71.75,False
sindh_era5_r024_c028,24,28,25.0,72.0,False
sindh_era5_r024_c029,24,29,25.0,72.25,False
sindh_era5_r024_c030,24,30,25.0,72.5,False
sindh_era5_r024_c031,24,31,25.0,72.75,False
sindh_era5_r024_c032,24,32,25.0,73.0,False
sindh_era5_r025_c000,25,0,24.75,65.0,False
sindh_era5_r025_c001,25,1,24.75,65.25,False
sindh_era5_r025_c002,25,2,24.75,65.5,False
sindh_era5_r025_c003,25,3,24.75,65.75,False
sindh_era5_r025_c004,25,4,24.75,66.0,False
sindh_era5_r025_c005,25,5,24.75,66.25,False
sindh_era5_r025_c006,25,6,24.75,66.5,False
sindh_era5_r025_c007,25,7,24.75,66.75,True
sindh_era5_r025_c008,25,8,24.75,67.0,True
sindh_era5_r025_c009,25,9,24.75,67.25,True
sindh_era5_r025_c010,25,10,24.75,67.5,True
sindh_era5_r025_c011,25,11,24.75,67.75,True
sindh_era5_r025_c012,25,12,24.75,68.0,True
sindh_era5_r025_c013,25,13,24.75,68.25,True
sindh_era5_r025_c014,25,14,24.75,68.5,True
sindh_era5_r025_c015,25,15,24.75,68.75,True
sindh_era5_r025_c016,25,16,24.75,69.0,True
sindh_era5_r025_c017,25,17,24.75,69.25,True
sindh_era5_r025_c018,25,18,24.75,69.5,True
sindh_era5_r025_c019,25,19,24.75,69.75,True
sindh_era5_r025_c020,25,20,24.75,70.0,True
sindh_era5_r025_c021,25,21,24.75,70.25,True
sindh_era5_r025_c022,25,22,24.75,70.5,True
sindh_era5_r025_c023,25,23,24.75,70.75,True
sindh_era5_r025_c024,25,24,24.75,71.0,True
sindh_era5_r025_c025,25,25,24.75,71.25,False
sindh_era5_r025_c026,25,26,24.75,71.5,False
sindh_era5_r025_c027,25,27,24.75,71.75,False
sindh_era5_r025_c028,25,28,24.75,72.0,False
sindh_era5_r025_c029,25,29,24.75,72.25,False
sindh_era5_r025_c030,25,30,24.75,72.5,False
sindh_era5_r025_c031,25,31,24.75,72.75,False
sindh_era5_r025_c032,25,32,24.75,73.0,False
sindh_era5_r026_c000,26,0,24.5,65.0,False
sindh_era5_r026_c001,26,1,24.5,65.25,False
sindh_era5_r026_c002,26,2,24.5,65.5,False
sindh_era5_r026_c003,26,3,24.5,65.75,False
sindh_era5_r026_c004,26,4,24.5,66.0,False
sindh_era5_r026_c005,26,5,24.5,66.25,False
sindh_era5_r026_c006,26,6,24.5,66.5,False
sindh_era5_r026_c007,26,7,24.5,66.75,False
sindh_era5_r026_c008,26,8,24.5,67.0,False
sindh_era5_r026_c009,26,9,24.5,67.25,True
sindh_era5_r026_c010,26,10,24.5,67.5,True
sindh_era5_r026_c011,26,11,24.5,67.75,True
sindh_era5_r026_c012,26,12,24.5,68.0,True
sindh_era5_r026_c013,26,13,24.5,68.25,True
sindh_era5_r026_c014,26,14,24.5,68.5,True
sindh_era5_r026_c015,26,15,24.5,68.75,True
sindh_era5_r026_c016,26,16,24.5,69.0,True
sindh_era5_r026_c017,26,17,24.5,69.25,True
sindh_era5_r026_c018,26,18,24.5,69.5,True
sindh_era5_r026_c019,26,19,24.5,69.75,True
sindh_era5_r026_c020,26,20,24.5,70.0,True
sindh_era5_r026_c021,26,21,24.5,70.25,True
sindh_era5_r026_c022,26,22,24.5,70.5,True
sindh_era5_r026_c023,26,23,24.5,70.75,True
sindh_era5_r026_c024,26,24,24.5,71.0,True
sindh_era5_r026_c025,26,25,24.5,71.25,False
sindh_era5_r026_c026,26,26,24.5,71.5,False
sindh_era5_r026_c027,26,27,24.5,71.75,False
sindh_era5_r026_c028,26,28,24.5,72.0,False
sindh_era5_r026_c029,26,29,24.5,72.25,False
sindh_era5_r026_c030,26,30,24.5,72.5,False
sindh_era5_r026_c031,26,31,24.5,72.75,False
sindh_era5_r026_c032,26,32,24.5,73.0,False
sindh_era5_r027_c000,27,0,24.25,65.0,False
sindh_era5_r027_c001,27,1,24.25,65.25,False
sindh_era5_r027_c002,27,2,24.25,65.5,False
sindh_era5_r027_c003,27,3,24.25,65.75,False
sindh_era5_r027_c004,27,4,24.25,66.0,False
sindh_era5_r027_c005,27,5,24.25,66.25,False
sindh_era5_r027_c006,27,6,24.25,66.5,False
sindh_era5_r027_c007,27,7,24.25,66.75,False
sindh_era5_r027_c008,27,8,24.25,67.0,False
sindh_era5_r027_c009,27,9,24.25,67.25,True
sindh_era5_r027_c010,27,10,24.25,67.5,True
sindh_era5_r027_c011,27,11,24.25,67.75,True
sindh_era5_r027_c012,27,12,24.25,68.0,True
sindh_era5_r027_c013,27,13,24.25,68.25,True
sindh_era5_r027_c014,27,14,24.25,68.5,True
sindh_era5_r027_c015,27,15,24.25,68.75,True
sindh_era5_r027_c016,27,16,24.25,69.0,True
sindh_era5_r027_c017,27,17,24.25,69.25,True
sindh_era5_r027_c018,27,18,24.25,69.5,True
sindh_era5_r027_c019,27,19,24.25,69.75,True
sindh_era5_r027_c020,27,20,24.25,70.0,True
sindh_era5_r027_c021,27,21,24.25,70.25,True
sindh_era5_r027_c022,27,22,24.25,70.5,True
sindh_era5_r027_c023,27,23,24.25,70.75,True
sindh_era5_r027_c024,27,24,24.25,71.0,True
sindh_era5_r027_c025,27,25,24.25,71.25,False
sindh_era5_r027_c026,27,26,24.25,71.5,False
sindh_era5_r027_c027,27,27,24.25,71.75,False
sindh_era5_r027_c028,27,28,24.25,72.0,False
sindh_era5_r027_c029,27,29,24.25,72.25,False
sindh_era5_r027_c030,27,30,24.25,72.5,False
sindh_era5_r027_c031,27,31,24.25,72.75,False
sindh_era5_r027_c032,27,32,24.25,73.0,False
sindh_era5_r028_c000,28,0,24.0,65.0,False
sindh_era5_r028_c001,28,1,24.0,65.25,False
sindh_era5_r028_c002,28,2,24.0,65.5,False
sindh_era5_r028_c003,28,3,24.0,65.75,False
sindh_era5_r028_c004,28,4,24.0,66.0,False
sindh_era5_r028_c005,28,5,24.0,66.25,False
sindh_era5_r028_c006,28,6,24.0,66.5,False
sindh_era5_r028_c007,28,7,24.0,66.75,False
sindh_era5_r028_c008,28,8,24.0,67.0,False
sindh_era5_r028_c009,28,9,24.0,67.25,True
sindh_era5_r028_c010,28,10,24.0,67.5,True
sindh_era5_r028_c011,28,11,24.0,67.75,True
sindh_era5_r028_c012,28,12,24.0,68.0,True
sindh_era5_r028_c013,28,13,24.0,68.25,True
sindh_era5_r028_c014,28,14,24.0,68.5,True
sindh_era5_r028_c015,28,15,24.0,68.75,True
sindh_era5_r028_c016,28,16,24.0,69.0,False
sindh_era5_r028_c017,28,17,24.0,69.25,False
sindh_era5_r028_c018,28,18,24.0,69.5,False
sindh_era5_r028_c019,28,19,24.0,69.75,False
sindh_era5_r028_c020,28,20,24.0,70.0,False
sindh_era5_r028_c021,28,21,24.0,70.25,False
sindh_era5_r028_c022,28,22,24.0,70.5,False
sindh_era5_r028_c023,28,23,24.0,70.75,False
sindh_era5_r028_c024,28,24,24.0,71.0,False
sindh_era5_r028_c025,28,25,24.0,71.25,False
sindh_era5_r028_c026,28,26,24.0,71.5,False
sindh_era5_r028_c027,28,27,24.0,71.75,False
sindh_era5_r028_c028,28,28,24.0,72.0,False
sindh_era5_r028_c029,28,29,24.0,72.25,False
sindh_era5_r028_c030,28,30,24.0,72.5,False
sindh_era5_r028_c031,28,31,24.0,72.75,False
sindh_era5_r028_c032,28,32,24.0,73.0,False
sindh_era5_r029_c000,29,0,23.75,65.0,False
sindh_era5_r029_c001,29,1,23.75,65.25,False
sindh_era5_r029_c002,29,2,23.75,65.5,False
sindh_era5_r029_c003,29,3,23.75,65.75,False
sindh_era5_r029_c004,29,4,23.75,66.0,False
sindh_era5_r029_c005,29,5,23.75,66.25,False
sindh_era5_r029_c006,29,6,23.75,66.5,False
sindh_era5_r029_c007,29,7,23.75,66.75,False
sindh_era5_r029_c008,29,8,23.75,67.0,False
sindh_era5_r029_c009,29,9,23.75,67.25,False
sindh_era5_r029_c010,29,10,23.75,67.5,True
sindh_era5_r029_c011,29,11,23.75,67.75,True
sindh_era5_r029_c012,29,12,23.75,68.0,True
sindh_era5_r029_c013,29,13,23.75,68.25,True
sindh_era5_r029_c014,29,14,23.75,68.5,False
sindh_era5_r029_c015,29,15,23.75,68.75,False
sindh_era5_r029_c016,29,16,23.75,69.0,False
sindh_era5_r029_c017,29,17,23.75,69.25,False
sindh_era5_r029_c018,29,18,23.75,69.5,False
sindh_era5_r029_c019,29,19,23.75,69.75,False
sindh_era5_r029_c020,29,20,23.75,70.0,False
sindh_era5_r029_c021,29,21,23.75,70.25,False
sindh_era5_r029_c022,29,22,23.75,70.5,False
sindh_era5_r029_c023,29,23,23.75,70.75,False
sindh_era5_r029_c024,29,24,23.75,71.0,False
sindh_era5_r029_c025,29,25,23.75,71.25,False
sindh_era5_r029_c026,29,26,23.75,71.5,False
sindh_era5_r029_c027,29,27,23.75,71.75,False
sindh_era5_r029_c028,29,28,23.75,72.0,False
sindh_era5_r029_c029,29,29,23.75,72.25,False
sindh_era5_r029_c030,29,30,23.75,72.5,False
sindh_era5_r029_c031,29,31,23.75,72.75,False
sindh_era5_r029_c032,29,32,23.75,73.0,False
sindh_era5_r030_c000,30,0,23.5,65.0,False
sindh_era5_r030_c001,30,1,23.5,65.25,False
sindh_era5_r030_c002,30,2,23.5,65.5,False
sindh_era5_r030_c003,30,3,23.5,65.75,False
sindh_era5_r030_c004,30,4,23.5,66.0,False
sindh_era5_r030_c005,30,5,23.5,66.25,False
sindh_era5_r030_c006,30,6,23.5,66.5,False
sindh_era5_r030_c007,30,7,23.5,66.75,False
sindh_era5_r030_c008,30,8,23.5,67.0,False
sindh_era5_r030_c009,30,9,23.5,67.25,False
sindh_era5_r030_c010,30,10,23.5,67.5,False
sindh_era5_r030_c011,30,11,23.5,67.75,False
sindh_era5_r030_c012,30,12,23.5,68.0,False
sindh_era5_r030_c013,30,13,23.5,68.25,False
sindh_era5_r030_c014,30,14,23.5,68.5,False
sindh_era5_r030_c015,30,15,23.5,68.75,False
sindh_era5_r030_c016,30,16,23.5,69.0,False
sindh_era5_r030_c017,30,17,23.5,69.25,False
sindh_era5_r030_c018,30,18,23.5,69.5,False
sindh_era5_r030_c019,30,19,23.5,69.75,False
sindh_era5_r030_c020,30,20,23.5,70.0,False
sindh_era5_r030_c021,30,21,23.5,70.25,False
sindh_era5_r030_c022,30,22,23.5,70.5,False
sindh_era5_r030_c023,30,23,23.5,70.75,False
sindh_era5_r030_c024,30,24,23.5,71.0,False
sindh_era5_r030_c025,30,25,23.5,71.25,False
sindh_era5_r030_c026,30,26,23.5,71.5,False
sindh_era5_r030_c027,30,27,23.5,71.75,False
sindh_era5_r030_c028,30,28,23.5,72.0,False
sindh_era5_r030_c029,30,29,23.5,72.25,False
sindh_era5_r030_c030,30,30,23.5,72.5,False
sindh_era5_r030_c031,30,31,23.5,72.75,False
sindh_era5_r030_c032,30,32,23.5,73.0,False
sindh_era5_r031_c000,31,0,23.25,65.0,False
sindh_era5_r031_c001,31,1,23.25,65.25,False
sindh_era5_r031_c002,31,2,23.25,65.5,False
sindh_era5_r031_c003,31,3,23.25,65.75,False
sindh_era5_r031_c004,31,4,23.25,66.0,False
sindh_era5_r031_c005,31,5,23.25,66.25,False
sindh_era5_r031_c006,31,6,23.25,66.5,False
sindh_era5_r031_c007,31,7,23.25,66.75,False
sindh_era5_r031_c008,31,8,23.25,67.0,False
sindh_era5_r031_c009,31,9,23.25,67.25,False
sindh_era5_r031_c010,31,10,23.25,67.5,False
sindh_era5_r031_c011,31,11,23.25,67.75,False
sindh_era5_r031_c012,31,12,23.25,68.0,False
sindh_era5_r031_c013,31,13,23.25,68.25,False
sindh_era5_r031_c014,31,14,23.25,68.5,False
sindh_era5_r031_c015,31,15,23.25,68.75,False
sindh_era5_r031_c016,31,16,23.25,69.0,False
sindh_era5_r031_c017,31,17,23.25,69.25,False
sindh_era5_r031_c018,31,18,23.25,69.5,False
sindh_era5_r031_c019,31,19,23.25,69.75,False
sindh_era5_r031_c020,31,20,23.25,70.0,False
sindh_era5_r031_c021,31,21,23.25,70.25,False
sindh_era5_r031_c022,31,22,23.25,70.5,False
sindh_era5_r031_c023,31,23,23.25,70.75,False
sindh_era5_r031_c024,31,24,23.25,71.0,False
sindh_era5_r031_c025,31,25,23.25,71.25,False
sindh_era5_r031_c026,31,26,23.25,71.5,False
sindh_era5_r031_c027,31,27,23.25,71.75,False
sindh_era5_r031_c028,31,28,23.25,72.0,False
sindh_era5_r031_c029,31,29,23.25,72.25,False
sindh_era5_r031_c030,31,30,23.25,72.5,False
sindh_era5_r031_c031,31,31,23.25,72.75,False
sindh_era5_r031_c032,31,32,23.25,73.0,False
sindh_era5_r032_c000,32,0,23.0,65.0,False
sindh_era5_r032_c001,32,1,23.0,65.25,False
sindh_era5_r032_c002,32,2,23.0,65.5,False
sindh_era5_r032_c003,32,3,23.0,65.75,False
sindh_era5_r032_c004,32,4,23.0,66.0,False
sindh_era5_r032_c005,32,5,23.0,66.25,False
sindh_era5_r032_c006,32,6,23.0,66.5,False
sindh_era5_r032_c007,32,7,23.0,66.75,False
sindh_era5_r032_c008,32,8,23.0,67.0,False
sindh_era5_r032_c009,32,9,23.0,67.25,False
sindh_era5_r032_c010,32,10,23.0,67.5,False
sindh_era5_r032_c011,32,11,23.0,67.75,False
sindh_era5_r032_c012,32,12,23.0,68.0,False
sindh_era5_r032_c013,32,13,23.0,68.25,False
sindh_era5_r032_c014,32,14,23.0,68.5,False
sindh_era5_r032_c015,32,15,23.0,68.75,False
sindh_era5_r032_c016,32,16,23.0,69.0,False
sindh_era5_r032_c017,32,17,23.0,69.25,False
sindh_era5_r032_c018,32,18,23.0,69.5,False
sindh_era5_r032_c019,32,19,23.0,69.75,False
sindh_era5_r032_c020,32,20,23.0,70.0,False
sindh_era5_r032_c021,32,21,23.0,70.25,False
sindh_era5_r032_c022,32,22,23.0,70.5,False
sindh_era5_r032_c023,32,23,23.0,70.75,False
sindh_era5_r032_c024,32,24,23.0,71.0,False
sindh_era5_r032_c025,32,25,23.0,71.25,False
sindh_era5_r032_c026,32,26,23.0,71.5,False
sindh_era5_r032_c027,32,27,23.0,71.75,False
sindh_era5_r032_c028,32,28,23.0,72.0,False
sindh_era5_r032_c029,32,29,23.0,72.25,False
sindh_era5_r032_c030,32,30,23.0,72.5,False
sindh_era5_r032_c031,32,31,23.0,72.75,False
sindh_era5_r032_c032,32,32,23.0,73.0,False
sindh_era5_r033_c000,33,0,22.75,65.0,False
sindh_era5_r033_c001,33,1,22.75,65.25,False
sindh_era5_r033_c002,33,2,22.75,65.5,False
sindh_era5_r033_c003,33,3,22.75,65.75,False
sindh_era5_r033_c004,33,4,22.75,66.0,False
sindh_era5_r033_c005,33,5,22.75,66.25,False
sindh_era5_r033_c006,33,6,22.75,66.5,False
sindh_era5_r033_c007,33,7,22.75,66.75,False
sindh_era5_r033_c008,33,8,22.75,67.0,False
sindh_era5_r033_c009,33,9,22.75,67.25,False
sindh_era5_r033_c010,33,10,22.75,67.5,False
sindh_era5_r033_c011,33,11,22.75,67.75,False
sindh_era5_r033_c012,33,12,22.75,68.0,False
sindh_era5_r033_c013,33,13,22.75,68.25,False
sindh_era5_r033_c014,33,14,22.75,68.5,False
sindh_era5_r033_c015,33,15,22.75,68.75,False
sindh_era5_r033_c016,33,16,22.75,69.0,False
sindh_era5_r033_c017,33,17,22.75,69.25,False
sindh_era5_r033_c018,33,18,22.75,69.5,False
sindh_era5_r033_c019,33,19,22.75,69.75,False
sindh_era5_r033_c020,33,20,22.75,70.0,False
sindh_era5_r033_c021,33,21,22.75,70.25,False
sindh_era5_r033_c022,33,22,22.75,70.5,False
sindh_era5_r033_c023,33,23,22.75,70.75,False
sindh_era5_r033_c024,33,24,22.75,71.0,False
sindh_era5_r033_c025,33,25,22.75,71.25,False
sindh_era5_r033_c026,33,26,22.75,71.5,False
sindh_era5_r033_c027,33,27,22.75,71.75,False
sindh_era5_r033_c028,33,28,22.75,72.0,False
sindh_era5_r033_c029,33,29,22.75,72.25,False
sindh_era5_r033_c030,33,30,22.75,72.5,False
sindh_era5_r033_c031,33,31,22.75,72.75,False
sindh_era5_r033_c032,33,32,22.75,73.0,False
sindh_era5_r034_c000,34,0,22.5,65.0,False
sindh_era5_r034_c001,34,1,22.5,65.25,False
sindh_era5_r034_c002,34,2,22.5,65.5,False
sindh_era5_r034_c003,34,3,22.5,65.75,False
sindh_era5_r034_c004,34,4,22.5,66.0,False
sindh_era5_r034_c005,34,5,22.5,66.25,False
sindh_era5_r034_c006,34,6,22.5,66.5,False
sindh_era5_r034_c007,34,7,22.5,66.75,False
sindh_era5_r034_c008,34,8,22.5,67.0,False
sindh_era5_r034_c009,34,9,22.5,67.25,False
sindh_era5_r034_c010,34,10,22.5,67.5,False
sindh_era5_r034_c011,34,11,22.5,67.75,False
sindh_era5_r034_c012,34,12,22.5,68.0,False
sindh_era5_r034_c013,34,13,22.5,68.25,False
sindh_era5_r034_c014,34,14,22.5,68.5,False
sindh_era5_r034_c015,34,15,22.5,68.75,False
sindh_era5_r034_c016,34,16,22.5,69.0,False
sindh_era5_r034_c017,34,17,22.5,69.25,False
sindh_era5_r034_c018,34,18,22.5,69.5,False
sindh_era5_r034_c019,34,19,22.5,69.75,False
sindh_era5_r034_c020,34,20,22.5,70.0,False
sindh_era5_r034_c021,34,21,22.5,70.25,False
sindh_era5_r034_c022,34,22,22.5,70.5,False
sindh_era5_r034_c023,34,23,22.5,70.75,False
sindh_era5_r034_c024,34,24,22.5,71.0,False
sindh_era5_r034_c025,34,25,22.5,71.25,False
sindh_era5_r034_c026,34,26,22.5,71.5,False
sindh_era5_r034_c027,34,27,22.5,71.75,False
sindh_era5_r034_c028,34,28,22.5,72.0,False
sindh_era5_r034_c029,34,29,22.5,72.25,False
sindh_era5_r034_c030,34,30,22.5,72.5,False
sindh_era5_r034_c031,34,31,22.5,72.75,False
sindh_era5_r034_c032,34,32,22.5,73.0,False
sindh_era5_r035_c000,35,0,22.25,65.0,False
sindh_era5_r035_c001,35,1,22.25,65.25,False
sindh_era5_r035_c002,35,2,22.25,65.5,False
sindh_era5_r035_c003,35,3,22.25,65.75,False
sindh_era5_r035_c004,35,4,22.25,66.0,False
sindh_era5_r035_c005,35,5,22.25,66.25,False
sindh_era5_r035_c006,35,6,22.25,66.5,False
sindh_era5_r035_c007,35,7,22.25,66.75,False
sindh_era5_r035_c008,35,8,22.25,67.0,False
sindh_era5_r035_c009,35,9,22.25,67.25,False
sindh_era5_r035_c010,35,10,22.25,67.5,False
sindh_era5_r035_c011,35,11,22.25,67.75,False
sindh_era5_r035_c012,35,12,22.25,68.0,False
sindh_era5_r035_c013,35,13,22.25,68.25,False
sindh_era5_r035_c014,35,14,22.25,68.5,False
sindh_era5_r035_c015,35,15,22.25,68.75,False
sindh_era5_r035_c016,35,16,22.25,69.0,False
sindh_era5_r035_c017,35,17,22.25,69.25,False
sindh_era5_r035_c018,35,18,22.25,69.5,False
sindh_era5_r035_c019,35,19,22.25,69.75,False
sindh_era5_r035_c020,35,20,22.25,70.0,False
sindh_era5_r035_c021,35,21,22.25,70.25,False
sindh_era5_r035_c022,35,22,22.25,70.5,False
sindh_era5_r035_c023,35,23,22.25,70.75,False
sindh_era5_r035_c024,35,24,22.25,71.0,False
sindh_era5_r035_c025,35,25,22.25,71.25,False
sindh_era5_r035_c026,35,26,22.25,71.5,False
sindh_era5_r035_c027,35,27,22.25,71.75,False
sindh_era5_r035_c028,35,28,22.25,72.0,False
sindh_era5_r035_c029,35,29,22.25,72.25,False
sindh_era5_r035_c030,35,30,22.25,72.5,False
sindh_era5_r035_c031,35,31,22.25,72.75,False
sindh_era5_r035_c032,35,32,22.25,73.0,False
sindh_era5_r036_c000,36,0,22.0,65.0,False
sindh_era5_r036_c001,36,1,22.0,65.25,False
sindh_era5_r036_c002,36,2,22.0,65.5,False
sindh_era5_r036_c003,36,3,22.0,65.75,False
sindh_era5_r036_c004,36,4,22.0,66.0,False
sindh_era5_r036_c005,36,5,22.0,66.25,False
sindh_era5_r036_c006,36,6,22.0,66.5,False
sindh_era5_r036_c007,36,7,22.0,66.75,False
sindh_era5_r036_c008,36,8,22.0,67.0,False
sindh_era5_r036_c009,36,9,22.0,67.25,False
sindh_era5_r036_c010,36,10,22.0,67.5,False
sindh_era5_r036_c011,36,11,22.0,67.75,False
sindh_era5_r036_c012,36,12,22.0,68.0,False
sindh_era5_r036_c013,36,13,22.0,68.25,False
sindh_era5_r036_c014,36,14,22.0,68.5,False
sindh_era5_r036_c015,36,15,22.0,68.75,False
sindh_era5_r036_c016,36,16,22.0,69.0,False
sindh_era5_r036_c017,36,17,22.0,69.25,False
sindh_era5_r036_c018,36,18,22.0,69.5,False
sindh_era5_r036_c019,36,19,22.0,69.75,False
sindh_era5_r036_c020,36,20,22.0,70.0,False
sindh_era5_r036_c021,36,21,22.0,70.25,False
sindh_era5_r036_c022,36,22,22.0,70.5,False
sindh_era5_r036_c023,36,23,22.0,70.75,False
sindh_era5_r036_c024,36,24,22.0,71.0,False
sindh_era5_r036_c025,36,25,22.0,71.25,False
sindh_era5_r036_c026,36,26,22.0,71.5,False
sindh_era5_r036_c027,36,27,22.0,71.75,False
sindh_era5_r036_c028,36,28,22.0,72.0,False
sindh_era5_r036_c029,36,29,22.0,72.25,False
sindh_era5_r036_c030,36,30,22.0,72.5,False
sindh_era5_r036_c031,36,31,22.0,72.75,False
sindh_era5_r036_c032,36,32,22.0,73.0,False
